houseID,price,area,bedrooms,bathrooms,stories,mainroad,guestroom,basement,hotwaterheating,airconditioning,parking,prefarea,furnishingstatus
V97,8960000,8500,3,2,4,yes,no,no,no,yes,2,no,furnished
T58,6650000,6420,3,2,3,yes,no,no,no,yes,0,yes,furnished
S66,4410000,4900,2,1,2,yes,no,yes,no,no,0,no,semi-furnished
G52,4270000,4500,2,1,1,yes,no,no,no,yes,2,no,furnished
Q33,3675000,5640,2,1,1,no,no,no,no,no,0,no,semi-furnished
P23,7210000,6000,3,2,4,yes,yes,no,no,yes,1,no,furnished
E95,3815000,3150,2,2,1,no,no,yes,no,no,0,no,semi-furnished
S38,3500000,3036,3,1,2,yes,no,yes,no,no,0,no,semi-furnished
C96,3500000,9500,3,1,2,yes,no,no,no,no,3,yes,unfurnished
U62,2835000,2640,2,1,1,no,no,no,no,no,1,no,furnished
M65,2590000,3600,2,2,2,yes,no,yes,no,no,1,no,furnished
U44,2450000,7700,2,1,1,yes,no,no,no,no,0,no,unfurnished
T52,2380000,3264,2,1,1,yes,no,no,no,no,0,no,unfurnished
A70,5600000,10500,2,1,1,yes,no,no,no,no,1,no,semi-furnished
A56,4200000,4600,3,2,2,yes,no,no,no,yes,1,no,semi-furnished
X77,3430000,4000,2,1,1,yes,no,no,no,no,0,no,unfurnished
U20,2660000,2800,3,1,1,yes,no,no,no,no,0,no,unfurnished
Z23,6440000,5000,3,1,2,yes,no,no,no,yes,0,no,semi-furnished
B18,6230000,5500,3,1,3,yes,no,no,no,no,1,yes,unfurnished
K90,4473000,3162,3,1,2,yes,no,no,no,yes,1,no,furnished
Q73,3290000,2500,2,1,1,no,no,no,no,yes,0,no,unfurnished
H34,7962500,6000,3,1,4,yes,yes,no,no,yes,2,no,unfurnished
C80,4480000,8250,3,1,1,yes,no,no,no,no,0,no,furnished
S16,3850000,5300,5,2,2,yes,no,no,no,no,0,no,semi-furnished
J62,3080000,2160,3,1,2,no,no,yes,no,no,0,no,semi-furnished
G17,3010000,5076,3,1,1,no,no,no,no,no,0,no,unfurnished
B44,2870000,3040,2,1,1,no,no,no,no,no,0,no,unfurnished
U77,9100000,6600,4,2,2,yes,yes,yes,no,yes,1,yes,unfurnished
W95,8190000,5960,3,3,2,yes,yes,yes,no,no,1,no,unfurnished
W16,4690000,9667,4,2,2,yes,yes,yes,no,no,1,no,semi-furnished
I50,4200000,2610,4,3,2,no,no,no,no,no,0,no,semi-furnished
K30,3360000,3720,2,1,1,no,no,no,no,yes,0,no,unfurnished
W60,3150000,4095,2,1,1,yes,no,no,no,no,2,no,semi-furnished
G21,2275000,3970,3,1,2,yes,no,yes,no,no,0,no,unfurnished
Q25,9240000,3500,4,2,2,yes,no,no,yes,no,2,no,furnished
M68,5775000,6000,3,2,4,yes,no,no,no,yes,0,no,unfurnished
D83,4375000,3900,3,1,2,yes,no,no,no,no,0,no,unfurnished
X99,4270000,7770,2,1,1,yes,no,no,no,no,1,no,furnished
F86,2660000,3480,2,1,1,yes,no,no,no,no,1,no,semi-furnished
E95,7245000,9000,4,2,4,yes,yes,no,no,yes,1,yes,furnished
H24,3640000,3180,3,1,2,no,no,yes,no,no,0,no,semi-furnished
E15,3255000,3930,2,1,1,no,no,no,no,no,0,no,unfurnished
S36,2870000,6000,2,1,1,yes,no,no,no,no,0,no,semi-furnished
Q42,2800000,3960,3,1,1,yes,no,no,no,no,0,no,furnished
T18,8855000,6420,3,2,2,yes,no,no,no,yes,1,yes,semi-furnished
M13,7420000,7440,3,2,4,yes,no,no,no,no,1,yes,unfurnished
Y80,6615000,10500,3,2,1,yes,no,yes,no,yes,1,yes,furnished
F17,5460000,6210,4,1,4,yes,yes,no,no,yes,0,no,furnished
W57,6083000,4300,6,2,2,yes,no,no,no,no,0,no,furnished
I29,4900000,4120,2,1,1,yes,no,yes,no,no,1,no,semi-furnished
Z28,4753000,6440,2,1,1,yes,no,no,no,yes,3,no,semi-furnished
N49,4550000,8400,4,1,4,yes,no,no,no,no,3,no,unfurnished
G66,4515000,3520,2,1,2,yes,no,no,no,no,0,yes,furnished
W49,3360000,4120,2,1,2,yes,no,no,no,no,0,no,unfurnished
G81,6720000,5020,3,1,4,yes,no,no,no,yes,0,yes,unfurnished
N34,5460000,3150,3,2,1,yes,yes,yes,no,yes,0,no,furnished
B77,4480000,4040,3,1,2,yes,no,no,no,no,1,no,semi-furnished
K33,4403000,4920,3,1,2,yes,no,no,no,no,1,no,semi-furnished
K91,4305000,10360,2,1,1,yes,no,no,no,no,1,yes,semi-furnished
W18,3633000,3520,3,1,1,yes,no,no,no,no,2,yes,unfurnished
T13,3220000,3120,3,1,2,no,no,no,no,no,0,no,furnished
A15,3129000,5495,3,1,1,yes,no,yes,no,no,0,no,unfurnished
P71,8400000,7000,3,1,4,yes,no,no,no,yes,2,no,semi-furnished
Y38,5320000,7800,3,1,1,yes,no,yes,no,yes,2,yes,unfurnished
C75,4410000,3968,3,1,2,no,no,no,no,no,0,no,semi-furnished
V99,4480000,5885,2,1,1,yes,no,no,no,yes,1,no,unfurnished
N47,2835000,4350,3,1,2,no,no,no,yes,no,1,no,unfurnished
Z29,6300000,6400,3,1,1,yes,yes,yes,no,yes,1,yes,semi-furnished
Y62,6195000,5500,3,2,4,yes,yes,no,no,yes,1,no,semi-furnished
E86,5880000,6500,3,2,3,yes,no,no,no,yes,0,no,unfurnished
J37,5530000,3300,3,3,2,yes,no,yes,no,no,0,no,semi-furnished
P41,5425000,6825,3,1,1,yes,yes,yes,no,yes,0,yes,semi-furnished
E87,4200000,5500,3,1,2,yes,no,no,no,yes,0,no,unfurnished
X78,3920000,7260,3,2,1,yes,yes,yes,no,no,3,no,furnished
K95,3220000,4370,3,1,2,yes,no,no,no,no,0,no,unfurnished
Z21,5943000,15600,3,1,1,yes,no,no,no,yes,2,no,semi-furnished
D44,5740000,5400,4,2,2,yes,no,no,no,yes,2,no,unfurnished
U52,5600000,6600,4,2,1,yes,no,yes,no,no,0,yes,semi-furnished
E87,5250000,5500,3,2,1,yes,no,yes,no,no,0,no,semi-furnished
O86,4900000,4095,3,1,2,no,yes,yes,no,yes,0,no,semi-furnished
Y95,3710000,4040,2,1,1,yes,no,no,no,no,0,no,semi-furnished
D14,6895000,7700,3,2,1,yes,no,no,no,no,2,no,unfurnished
Z46,3500000,3990,3,1,2,yes,no,no,no,no,0,no,semi-furnished
U53,3115000,3850,3,1,2,yes,no,no,no,no,0,no,unfurnished
I68,2870000,3630,2,1,1,yes,no,no,no,no,0,no,unfurnished
E53,1960000,3420,5,1,2,no,no,no,no,no,0,no,unfurnished
Y89,9870000,8100,4,1,2,yes,yes,yes,no,yes,2,yes,furnished
I49,6930000,8880,3,2,2,yes,no,yes,no,yes,1,no,furnished
P77,6160000,4500,3,1,4,yes,no,no,no,yes,0,no,unfurnished
P92,3150000,3986,2,2,1,no,yes,yes,no,no,1,no,unfurnished
L49,3150000,6750,2,1,1,yes,no,no,no,no,0,no,semi-furnished
X81,2604000,2910,2,1,1,no,no,no,no,no,0,no,unfurnished
Z86,7700000,6480,3,2,4,yes,no,no,no,yes,2,no,unfurnished
W76,7420000,6325,3,1,4,yes,no,no,no,yes,1,no,unfurnished
N82,6293000,6600,3,2,3,yes,no,no,no,yes,0,yes,unfurnished
L59,5600000,5136,3,1,2,yes,yes,yes,no,yes,0,yes,unfurnished
K72,5495000,2817,4,2,2,no,yes,yes,no,no,1,no,furnished
J86,5250000,10269,3,1,1,yes,no,no,no,no,1,yes,semi-furnished
Y48,5215000,7200,3,1,2,yes,yes,yes,no,no,1,yes,furnished
V79,5005000,8150,3,2,1,yes,yes,yes,no,no,0,no,semi-furnished
D68,4795000,7000,3,1,2,yes,no,yes,no,no,0,no,unfurnished
K70,3675000,3600,2,1,1,yes,no,no,no,no,0,no,furnished
Z52,5810000,5828,4,1,4,yes,yes,no,no,no,0,no,semi-furnished
V75,5110000,6100,3,1,1,yes,no,yes,no,yes,0,yes,semi-furnished
G27,3675000,3630,2,1,1,yes,no,yes,no,no,0,no,furnished
R16,3430000,1950,3,2,2,yes,no,yes,no,no,0,yes,unfurnished
P76,4550000,3520,3,1,1,yes,no,no,no,no,0,yes,semi-furnished
U23,2660000,3630,3,3,2,no,yes,no,no,no,0,no,unfurnished
C74,1855000,2990,2,1,1,no,no,no,no,no,1,no,unfurnished
B26,9800000,5750,3,2,4,yes,yes,no,no,yes,1,yes,unfurnished
J16,7140000,6000,3,2,2,yes,yes,no,no,no,1,no,semi-furnished
F58,5950000,6525,3,2,4,yes,no,no,no,no,1,no,furnished
D16,5075000,5720,2,1,2,yes,no,no,no,yes,0,yes,unfurnished
W34,4200000,2325,3,1,2,no,no,no,no,no,0,no,semi-furnished
J98,3710000,6020,3,1,1,yes,no,no,no,no,0,no,semi-furnished
D31,2590000,3600,2,1,1,yes,no,no,no,no,0,no,unfurnished
J65,4620000,5680,3,1,2,yes,yes,no,no,yes,1,no,semi-furnished
U31,3920000,3816,2,1,1,yes,no,yes,no,yes,2,no,furnished
V71,2345000,3640,2,1,1,yes,no,no,no,no,0,no,unfurnished
K62,2135000,3000,2,1,1,no,no,no,no,no,0,no,unfurnished
S56,1820000,3000,2,1,1,yes,no,yes,no,no,2,no,unfurnished
S54,5600000,5000,3,1,4,yes,no,no,no,no,0,no,furnished
D51,6685000,6600,2,2,4,yes,no,yes,no,no,0,yes,furnished
K98,5250000,3800,3,1,2,yes,yes,yes,no,no,1,yes,unfurnished
K16,4690000,5400,2,1,2,yes,no,no,no,no,0,yes,semi-furnished
S17,4620000,2870,2,1,2,yes,yes,yes,no,no,0,yes,semi-furnished
C12,3710000,3600,3,1,1,yes,no,no,no,no,1,no,unfurnished
R76,3220000,4320,3,1,1,no,no,no,no,no,1,no,unfurnished
K71,3010000,3750,3,1,2,yes,no,no,no,no,0,no,unfurnished
P53,2940000,5850,3,1,2,yes,no,yes,no,no,1,no,unfurnished
A47,7490000,6600,3,1,4,yes,no,no,no,yes,3,yes,furnished
L52,6615000,4000,3,2,2,yes,no,yes,no,yes,1,no,semi-furnished
P41,6107500,3240,4,1,3,yes,no,no,no,no,1,no,semi-furnished
W24,4007500,4500,3,1,2,no,no,yes,no,yes,0,no,semi-furnished
P52,3640000,3570,3,1,2,yes,no,yes,no,no,0,no,semi-furnished
S33,3115000,3000,3,1,1,no,no,no,no,yes,0,no,unfurnished
W19,4165000,4046,3,1,2,yes,no,yes,no,no,1,no,semi-furnished
M43,4025000,3630,3,2,2,yes,no,no,yes,no,2,no,semi-furnished
H30,7350000,5150,3,2,4,yes,no,no,no,yes,2,no,semi-furnished
U65,4620000,5010,3,1,2,yes,no,yes,no,no,0,no,semi-furnished
I41,8890000,4600,3,2,2,yes,yes,no,no,yes,2,no,furnished
I69,7840000,6360,3,2,4,yes,no,no,no,yes,0,yes,furnished
O46,4235000,2787,3,1,1,yes,no,yes,no,no,0,yes,furnished
Y43,3500000,4600,4,1,2,yes,no,no,no,no,0,no,semi-furnished
D18,1750000,3620,2,1,1,yes,no,no,no,no,0,no,unfurnished
J25,4956000,2800,3,2,2,no,no,yes,no,yes,1,no,semi-furnished
E36,4543000,4100,2,2,1,yes,yes,yes,no,no,0,no,semi-furnished
X89,4165000,4840,3,1,2,yes,no,no,no,no,1,no,semi-furnished
L55,3535000,3850,3,1,1,yes,no,no,no,no,2,no,unfurnished
E94,3500000,3650,3,1,2,yes,no,no,no,no,0,no,unfurnished
N54,9681000,6000,4,3,2,yes,yes,yes,yes,no,2,no,semi-furnished
B35,7875000,6550,3,1,2,yes,no,yes,no,yes,0,yes,furnished
I61,4515000,9860,3,1,1,yes,no,no,no,no,0,no,semi-furnished
E25,4445000,3750,2,1,1,yes,yes,yes,no,no,0,no,semi-furnished
Y14,3360000,3100,3,1,2,no,no,yes,no,no,0,no,semi-furnished
S98,3080000,4960,2,1,1,yes,no,yes,no,yes,0,no,unfurnished
D83,6650000,4260,4,2,2,yes,no,no,yes,no,0,no,semi-furnished
D30,4620000,4160,3,1,1,yes,yes,yes,no,yes,0,no,unfurnished
H79,4200000,5040,3,1,2,yes,no,yes,no,yes,0,no,unfurnished
S21,4025000,3460,3,2,1,yes,no,yes,no,yes,1,no,furnished
I62,3850000,7152,3,1,2,yes,no,no,no,yes,0,no,furnished
D54,3710000,4050,2,1,1,yes,no,no,no,no,0,no,furnished
M66,3290000,6060,3,1,1,yes,yes,yes,no,no,0,no,furnished
V48,7525000,6000,3,2,4,yes,no,no,no,yes,1,no,furnished
Y70,4830000,4160,3,1,3,yes,no,no,no,no,0,no,unfurnished
C33,3360000,3185,2,1,1,yes,no,yes,no,no,2,no,furnished
D21,4319000,4032,2,1,1,yes,no,yes,no,no,0,no,furnished
Y92,4095000,3680,3,2,2,yes,no,no,no,no,0,no,semi-furnished
Z95,2450000,3240,2,1,1,no,yes,no,no,no,1,no,unfurnished
D15,8680000,7155,3,2,1,yes,yes,yes,no,yes,2,no,unfurnished
E57,7350000,6000,4,2,4,yes,yes,no,no,yes,1,no,furnished
G68,5250000,6540,4,2,2,no,no,no,no,yes,0,no,semi-furnished
F77,4760000,6321,3,1,2,yes,no,yes,no,yes,1,no,furnished
Q33,3675000,3630,2,1,1,yes,no,no,no,yes,0,no,unfurnished
Q47,3640000,5960,3,1,2,yes,yes,yes,no,no,0,no,unfurnished
D27,3010000,3630,4,1,2,yes,no,no,no,no,3,no,semi-furnished
E28,6160000,5450,4,2,1,yes,no,yes,no,yes,0,yes,semi-furnished
M44,4340000,3500,4,1,2,yes,no,no,no,no,2,no,furnished
Z20,3920000,3290,2,1,1,yes,no,no,yes,no,1,no,furnished
T80,3703000,3120,3,1,2,no,no,yes,yes,no,0,no,semi-furnished
T37,2653000,3185,2,1,1,yes,no,no,no,yes,0,no,unfurnished
B54,8463000,6000,3,2,4,yes,yes,yes,no,yes,0,yes,semi-furnished
G62,5040000,3540,2,1,1,no,yes,yes,no,no,0,no,semi-furnished
L49,4893000,3420,4,2,2,yes,no,yes,no,yes,2,no,semi-furnished
T52,4473000,6360,2,1,1,yes,no,yes,no,yes,1,no,furnished
H35,3990000,3960,3,1,2,yes,no,no,no,no,0,no,furnished
C19,3465000,2145,3,1,3,yes,no,no,no,no,0,yes,furnished
V81,3290000,2145,3,1,2,yes,no,yes,no,no,0,yes,furnished
S48,3150000,3069,2,1,1,yes,no,no,no,no,1,no,unfurnished
R72,13300000,7420,4,2,3,yes,no,no,no,yes,2,yes,furnished
A72,5740000,6360,3,1,1,yes,yes,yes,no,yes,2,yes,furnished
Z84,4865000,4350,2,1,1,yes,no,yes,no,no,0,no,unfurnished
Y68,4340000,4500,3,2,3,yes,no,no,yes,no,1,no,furnished
M30,4060000,5900,4,2,2,no,no,yes,no,no,1,no,unfurnished
E41,3500000,12944,3,1,1,yes,no,no,no,no,0,no,unfurnished
U89,7070000,8880,2,1,1,yes,no,no,no,yes,1,no,semi-furnished
V24,7035000,6360,4,2,3,yes,no,no,no,yes,2,yes,furnished
Y90,5600000,5500,3,2,2,yes,no,no,no,no,1,no,semi-furnished
E84,4403000,2880,3,1,2,yes,no,no,no,no,0,yes,semi-furnished
J44,4200000,3640,3,2,2,yes,no,yes,no,no,0,no,unfurnished
W51,6650000,6000,3,2,3,yes,yes,no,no,yes,0,no,furnished
X92,6510000,6670,3,1,3,yes,no,yes,no,no,0,yes,unfurnished
O38,3255000,4500,2,1,1,no,no,no,no,no,0,no,semi-furnished
A83,7210000,7680,4,2,4,yes,yes,no,no,yes,1,no,semi-furnished
J80,5950000,7020,3,1,1,yes,no,yes,no,yes,2,yes,semi-furnished
Q97,4690000,3630,3,1,2,yes,no,no,no,no,2,no,semi-furnished
F72,4060000,3000,4,1,3,yes,no,yes,no,yes,2,no,semi-furnished
R13,3640000,3000,2,1,2,yes,no,no,no,yes,0,no,furnished
N11,3570000,4500,2,1,1,no,no,no,no,no,0,no,furnished
K21,3118850,2398,3,1,1,yes,no,no,no,no,0,yes,semi-furnished
L86,2800000,2650,3,1,2,yes,no,yes,no,no,1,no,unfurnished
X32,10850000,7500,3,3,1,yes,no,yes,no,yes,2,yes,semi-furnished
U46,7420000,7440,3,2,1,yes,yes,yes,no,yes,0,yes,semi-furnished
E45,6475000,7410,3,1,1,yes,yes,yes,no,yes,2,yes,unfurnished
M19,5040000,7600,4,1,2,yes,no,no,no,yes,2,no,furnished
E17,3360000,4750,2,1,1,yes,no,no,no,no,0,no,unfurnished
A57,3290000,3480,4,1,2,no,no,no,no,no,1,no,semi-furnished
C78,3220000,2684,2,1,1,yes,no,no,no,yes,1,no,unfurnished
K30,4550000,5320,3,1,2,yes,yes,yes,no,no,0,yes,semi-furnished
S35,3850000,3850,2,1,1,yes,no,no,no,no,0,no,semi-furnished
C91,2940000,3660,4,1,2,no,no,no,no,no,0,no,unfurnished
B74,5285000,4600,2,2,1,yes,no,no,no,yes,2,no,semi-furnished
P66,4830000,6862,3,1,2,yes,no,no,no,yes,2,yes,furnished
D63,4200000,4079,3,1,3,yes,no,no,no,no,0,no,semi-furnished
G32,3150000,3450,3,1,2,yes,no,yes,no,no,0,no,semi-furnished
T70,10150000,8580,4,3,4,yes,no,no,no,yes,2,yes,semi-furnished
U34,6650000,5700,3,1,1,yes,yes,yes,no,yes,2,yes,furnished
E17,4277000,3400,3,1,2,yes,no,yes,no,no,2,yes,semi-furnished
O27,3990000,4050,2,1,2,yes,yes,yes,no,no,0,yes,unfurnished
R58,3290000,4040,2,1,1,yes,no,no,no,no,0,no,unfurnished
Z79,2852500,5200,4,1,3,yes,no,no,no,no,0,no,unfurnished
P59,2275000,3970,1,1,1,no,no,no,no,no,0,no,unfurnished
E13,6090000,8372,3,1,3,yes,no,no,no,yes,2,no,unfurnished
T18,5040000,6600,3,1,1,yes,yes,yes,no,no,0,yes,furnished
I50,3395000,4785,3,1,2,yes,yes,yes,no,yes,1,no,furnished
E33,3500000,3640,2,1,1,yes,no,no,no,no,1,no,semi-furnished
W55,3087000,8100,2,1,1,yes,no,no,no,no,1,no,unfurnished
O16,3080000,4500,2,1,2,yes,no,no,yes,no,1,no,semi-furnished
Q46,2380000,2475,3,1,2,yes,no,no,no,no,0,no,furnished
W88,6125000,6420,3,1,3,yes,no,yes,no,no,0,yes,unfurnished
O54,4480000,4000,3,1,2,yes,no,no,no,no,2,no,furnished
D62,3773000,8250,3,1,1,yes,no,no,no,no,2,no,furnished
Y32,4585000,3840,3,1,2,yes,no,no,no,no,1,yes,semi-furnished
X39,4200000,2747,4,2,2,no,no,no,no,no,0,no,semi-furnished
F41,4200000,4500,3,1,1,yes,no,yes,no,no,0,no,furnished
Y34,3920000,2145,4,2,1,yes,no,yes,no,no,0,yes,unfurnished
O51,9800000,13200,3,1,2,yes,no,yes,no,yes,2,yes,furnished
F13,8645000,4560,3,2,2,yes,yes,yes,no,yes,1,no,furnished
O59,5866000,4800,3,1,1,yes,yes,yes,no,no,0,no,unfurnished
S72,4900000,5800,2,1,1,yes,yes,yes,no,yes,0,no,semi-furnished
T84,3010000,3090,3,1,2,no,no,no,no,no,0,no,semi-furnished
J37,2940000,3150,3,1,2,no,no,no,no,no,0,no,unfurnished
I67,2653000,4000,3,1,2,yes,no,no,no,yes,0,no,unfurnished
H62,6650000,6500,3,2,3,yes,no,no,no,yes,0,yes,furnished
W57,4550000,5360,3,1,2,yes,no,no,no,no,2,yes,unfurnished
A68,3780000,3420,2,1,2,yes,no,no,yes,no,1,no,semi-furnished
F98,3290000,3180,4,1,2,yes,no,yes,no,yes,0,no,unfurnished
V28,3080000,3090,2,1,1,yes,yes,yes,no,no,0,no,unfurnished
W50,3003000,8050,2,1,1,yes,no,no,no,no,0,no,unfurnished
Q82,8540000,6540,4,2,2,yes,yes,yes,no,yes,2,yes,furnished
E56,5565000,5400,5,1,2,yes,yes,yes,no,yes,0,yes,furnished
U36,4193000,3450,3,1,2,yes,no,no,no,no,1,no,semi-furnished
F14,2450000,3210,3,1,2,yes,no,yes,no,no,0,no,unfurnished
N81,7700000,6000,4,2,4,yes,no,no,no,no,2,no,semi-furnished
B68,5250000,4260,4,1,2,yes,no,yes,no,yes,0,no,furnished
R17,4403000,4880,3,1,1,yes,no,no,no,no,2,yes,unfurnished
M68,3500000,7424,3,1,1,no,no,no,no,no,0,no,unfurnished
F94,6300000,7200,3,2,1,yes,no,yes,no,yes,3,no,semi-furnished
X99,5530000,3650,3,2,2,yes,no,no,no,no,2,no,semi-furnished
N87,4900000,3000,3,1,2,yes,no,yes,no,yes,0,no,semi-furnished
A88,3780000,3600,2,1,1,yes,no,no,no,no,0,no,semi-furnished
S82,3500000,3512,2,1,1,yes,no,no,no,no,1,yes,unfurnished
H82,3395000,3450,3,1,1,yes,no,yes,no,no,2,no,unfurnished
U75,2275000,1836,2,1,1,no,no,yes,no,no,0,no,semi-furnished
V20,5600000,6360,3,1,3,yes,no,no,no,no,0,yes,semi-furnished
H20,3500000,3600,6,1,2,yes,no,no,no,no,1,no,unfurnished
R41,3150000,3500,2,1,1,no,no,yes,no,no,0,no,semi-furnished
I70,5880000,7160,3,1,1,yes,no,yes,no,no,2,yes,unfurnished
G27,4900000,4646,3,1,2,yes,yes,yes,no,no,2,no,semi-furnished
E56,4235000,6650,3,1,2,yes,yes,no,no,no,0,no,semi-furnished
A59,4200000,2953,3,1,2,yes,no,yes,no,yes,0,no,unfurnished
L97,4095000,4040,2,1,2,yes,no,no,no,no,1,no,semi-furnished
Z65,3780000,8400,2,1,1,yes,no,no,no,no,1,no,furnished
E30,3640000,3520,2,2,1,yes,no,yes,no,no,0,no,semi-furnished
P54,3885000,3180,4,2,2,yes,no,no,no,no,0,no,furnished
I21,3640000,2850,3,2,2,no,no,yes,no,no,0,yes,unfurnished
M70,6790000,4000,3,2,2,yes,no,yes,no,yes,0,yes,semi-furnished
R90,4830000,6040,3,1,1,yes,no,no,no,no,2,yes,semi-furnished
K94,2100000,3000,4,1,2,yes,no,no,no,no,0,no,unfurnished
C31,5652500,6660,4,2,2,yes,yes,yes,no,no,1,yes,semi-furnished
Z18,3836000,3350,3,1,2,yes,no,no,no,no,0,no,unfurnished
M68,2240000,1950,3,1,1,no,no,no,yes,no,0,no,unfurnished
B37,2233000,5300,3,1,1,no,no,no,no,yes,0,yes,unfurnished
I41,7000000,11175,3,1,1,yes,no,yes,no,yes,1,yes,furnished
S22,6083000,9620,3,1,1,yes,no,yes,no,no,2,yes,furnished
S30,6020000,8000,3,1,1,yes,yes,yes,no,yes,2,yes,semi-furnished
U66,4550000,3640,3,1,2,yes,no,no,no,yes,0,no,furnished
U31,4095000,5600,2,1,1,yes,no,no,no,yes,0,no,semi-furnished
O60,2940000,3600,3,1,2,no,no,no,no,no,1,no,unfurnished
E75,2870000,5400,4,1,2,yes,no,no,no,no,0,no,unfurnished
G28,7980000,9000,4,2,4,yes,no,no,no,yes,2,no,furnished
F30,6195000,6350,3,2,3,yes,yes,no,no,yes,0,no,furnished
Q13,6195000,5500,3,2,1,yes,yes,yes,no,no,2,yes,furnished
P29,4900000,6300,3,1,1,yes,no,no,no,yes,2,no,semi-furnished
S68,4613000,4510,4,2,2,yes,no,yes,no,no,0,no,semi-furnished
Q50,2940000,2700,2,1,1,no,no,no,no,no,0,no,furnished
X94,2520000,3180,3,1,1,no,no,no,no,no,0,no,unfurnished
T83,2100000,2400,3,1,2,yes,no,no,no,no,0,no,unfurnished
K50,5950000,6254,4,2,1,yes,no,yes,no,no,1,yes,semi-furnished
Q16,4270000,2175,3,1,2,no,yes,yes,no,yes,0,no,unfurnished
S96,4123000,6060,2,1,1,yes,no,yes,no,no,1,no,semi-furnished
K85,3850000,3180,2,2,1,yes,no,yes,no,no,2,no,semi-furnished
N51,3773000,2520,5,2,1,no,no,yes,no,yes,1,no,furnished
N52,3500000,2135,3,2,2,no,no,no,no,no,0,no,unfurnished
X78,3290000,3792,4,1,2,yes,no,no,no,no,0,no,semi-furnished
P46,5873000,11460,3,1,3,yes,no,no,no,no,2,yes,semi-furnished
E66,3325000,4040,2,1,1,yes,no,no,no,no,1,no,unfurnished
A47,6405000,4800,3,2,4,yes,yes,no,no,yes,0,no,furnished
E51,5145000,3410,3,1,2,no,no,no,no,yes,0,no,semi-furnished
Q57,9240000,7800,3,2,2,yes,no,no,no,no,0,yes,semi-furnished
E46,6419000,6750,2,1,1,yes,yes,yes,no,no,2,yes,furnished
U58,4690000,6000,2,1,1,yes,no,yes,no,yes,1,no,furnished
E46,4200000,2145,3,1,3,yes,no,no,no,no,1,yes,unfurnished
G35,4007500,3460,4,1,2,yes,no,no,no,yes,0,no,semi-furnished
P60,2940000,6615,3,1,2,yes,no,no,no,no,0,no,semi-furnished
S48,6510000,8250,3,2,3,yes,no,no,no,yes,0,no,furnished
D83,8400000,5500,4,2,2,yes,no,yes,no,yes,1,yes,semi-furnished
L31,4900000,4520,3,1,2,yes,no,yes,no,yes,0,no,semi-furnished
P31,4830000,4815,2,1,1,yes,no,no,no,yes,0,yes,semi-furnished
N95,4200000,5850,2,1,1,yes,yes,yes,no,no,2,no,semi-furnished
M80,3920000,5500,4,1,2,yes,yes,yes,no,no,0,no,semi-furnished
U53,3710000,3584,2,1,1,yes,no,no,yes,no,0,no,semi-furnished
Y67,3332000,2145,3,1,2,yes,no,yes,no,no,0,yes,furnished
R79,2310000,3180,2,1,1,yes,no,no,no,no,0,no,unfurnished
B16,8400000,8875,3,1,1,yes,no,no,no,no,1,no,semi-furnished
R88,7560000,6000,3,2,3,yes,no,no,no,yes,0,no,semi-furnished
N46,5600000,4800,5,2,3,no,no,yes,yes,no,0,no,unfurnished
S88,5229000,7085,3,1,1,yes,yes,yes,no,no,2,yes,semi-furnished
L48,5215000,3180,3,2,2,yes,no,no,no,no,2,no,semi-furnished
I60,2961000,3000,2,1,2,yes,no,no,no,no,0,no,semi-furnished
Z67,11410000,7420,4,1,2,yes,yes,yes,no,yes,2,no,furnished
G81,8750000,4320,3,1,2,yes,no,yes,yes,no,2,no,semi-furnished
W69,5810000,4800,3,1,3,yes,no,no,no,yes,0,no,unfurnished
J62,4340000,1905,5,1,2,no,no,yes,no,no,0,no,semi-furnished
G66,2730000,4000,3,1,2,yes,no,no,no,no,1,no,unfurnished
S78,8080940,7000,3,2,4,yes,no,no,no,yes,2,no,furnished
J30,7343000,11440,4,1,2,yes,no,yes,no,no,1,yes,semi-furnished
R86,5950000,6540,3,1,1,yes,yes,yes,no,no,2,yes,furnished
L90,5950000,7231,3,1,2,yes,yes,yes,no,yes,0,yes,semi-furnished
U85,5523000,6900,3,1,1,yes,yes,yes,no,no,0,yes,semi-furnished
X64,5460000,6600,4,2,2,yes,yes,yes,no,no,0,yes,semi-furnished
A45,3850000,2176,2,1,2,yes,yes,no,no,no,0,yes,semi-furnished
Q43,8400000,7475,3,2,4,yes,no,no,no,yes,2,no,unfurnished
K33,7350000,6000,3,1,2,yes,no,no,no,yes,1,no,unfurnished
Q12,6510000,3760,3,1,2,yes,no,no,yes,no,2,no,semi-furnished
L30,6300000,6000,4,2,4,yes,no,no,no,no,1,no,semi-furnished
L83,4515000,3510,3,1,3,yes,no,no,no,no,0,no,semi-furnished
M81,3850000,2015,3,1,2,yes,no,yes,no,no,0,yes,semi-furnished
M13,3010000,4600,2,1,1,yes,no,no,no,no,0,no,furnished
O26,2660000,2000,2,1,2,yes,no,no,no,no,0,no,semi-furnished
E82,6265000,6000,4,1,3,yes,yes,yes,no,no,0,yes,unfurnished
W64,4900000,12900,3,1,1,yes,no,no,no,no,2,no,furnished
H73,4480000,4510,4,1,2,yes,no,no,no,yes,2,no,semi-furnished
K76,3990000,6480,3,1,2,no,no,no,no,yes,1,no,semi-furnished
H69,3234000,3640,4,1,2,yes,no,yes,no,no,0,no,unfurnished
L30,3150000,1650,3,1,2,no,no,yes,no,no,0,no,unfurnished
N26,4200000,3520,3,1,2,yes,no,no,no,no,0,yes,semi-furnished
X24,4165000,4080,3,1,2,yes,no,no,no,no,2,no,semi-furnished
Z28,2940000,3480,3,1,2,no,no,no,no,no,1,no,semi-furnished
H48,6580000,6000,3,2,4,yes,no,no,no,yes,0,no,semi-furnished
G18,6300000,4100,3,2,3,yes,no,no,no,yes,2,no,semi-furnished
Y91,4900000,6720,3,1,1,yes,no,no,no,no,0,no,unfurnished
D80,4550000,2550,3,1,2,yes,no,yes,no,no,0,no,furnished
P42,4060000,4320,3,1,2,yes,no,no,no,no,2,yes,furnished
Z38,3045000,3800,2,1,1,yes,no,no,no,no,0,no,unfurnished
M33,6650000,4040,3,1,2,yes,no,yes,yes,no,1,no,furnished
H12,5110000,3000,3,1,2,yes,no,yes,no,no,0,no,unfurnished
L31,3500000,5900,2,1,1,yes,no,no,no,no,1,no,furnished
D70,2660000,4000,3,1,1,yes,no,no,no,no,0,no,semi-furnished
H76,4515000,3450,3,1,2,yes,no,yes,no,no,1,no,semi-furnished
M72,4340000,4075,3,1,1,yes,yes,yes,no,no,2,no,semi-furnished
V35,3500000,4240,3,1,2,yes,no,no,no,yes,0,no,semi-furnished
L35,10150000,16200,5,3,2,yes,no,no,no,no,0,no,unfurnished
U95,4970000,4410,4,3,2,yes,no,yes,no,no,2,no,semi-furnished
H79,3703000,5450,2,1,1,yes,no,no,no,no,0,no,furnished
S33,3325000,4775,4,1,2,yes,no,no,no,no,0,no,unfurnished
G43,8043000,7482,3,2,3,yes,no,no,yes,no,1,yes,furnished
F49,6475000,3960,3,1,1,yes,no,yes,no,no,2,no,semi-furnished
D18,5250000,9800,4,2,2,yes,yes,no,no,no,2,no,semi-furnished
Y33,4795000,8100,4,1,4,yes,no,yes,no,yes,2,no,semi-furnished
X18,4543000,4990,4,2,2,yes,yes,yes,no,no,0,yes,furnished
Y54,4270000,6360,2,1,2,yes,no,no,no,no,0,no,unfurnished
D76,4270000,4360,4,1,2,yes,no,no,no,no,0,no,furnished
Z50,3920000,8080,3,1,1,yes,no,no,no,yes,2,no,semi-furnished
N54,3605000,4000,2,1,1,yes,no,no,no,no,0,yes,semi-furnished
J14,3430000,3850,3,1,1,yes,no,no,no,no,0,no,unfurnished
E95,6930000,13200,2,1,1,yes,no,yes,yes,no,1,no,furnished
B28,6790000,12090,4,2,2,yes,no,no,no,no,2,yes,furnished
X24,5740000,5800,3,2,4,yes,no,no,no,yes,0,no,unfurnished
E94,5250000,8520,3,1,1,yes,no,no,no,yes,2,no,furnished
E35,3570000,3640,2,1,1,yes,no,no,no,no,0,no,unfurnished
S24,2940000,4960,2,1,1,yes,no,no,no,no,0,no,unfurnished
J27,2485000,3000,3,1,2,no,no,no,no,no,0,no,semi-furnished
Q15,2450000,4840,2,1,2,yes,no,no,no,no,0,no,unfurnished
